{
  "webhook/server.py": 1776014546.1969976,
  "webhook/validators.py": 1775729945.2750132,
  "webhook/__init__.py": 1775725849.5206547,
  "ui/chat_handler.py": 1775836432.3311129,
  "ui/__init__.py": 1775815912.4856958,
  "ui/jobs_handler.py": 1775815912.4863274,
  "ui/event_bus.py": 1776002021.0899112,
  "ui/setup_handler.py": 1775815912.4866803,
  "ui/routes.py": 1776014608.300041,
  "ui/static/assets/index-B9rHwJX-.js": 1776068368.3745847,
  "frontend/tailwind.config.ts": 1775818372.6434152,
  "frontend/vite.config.ts": 1775816361.2340176,
  "frontend/postcss.config.js": 1775816386.2288961,
  "frontend/src/App.tsx": 1776068314.3801234,
  "frontend/src/main.tsx": 1775816662.4929752,
  "frontend/src/types/index.ts": 1776019535.1683645,
  "frontend/src/components/Topbar.tsx": 1775818487.565625,
  "frontend/src/components/SetupWizard.tsx": 1775818518.9072154,
  "frontend/src/components/PipelineFeed.tsx": 1776068346.284456,
  "frontend/src/components/SettingsPanel.tsx": 1775835235.1082125,
  "frontend/src/components/JobsBrowser.tsx": 1776013501.7944803,
  "frontend/src/components/ChatPanel.tsx": 1775836078.290662,
  "frontend/src/components/Sidebar.tsx": 1775818476.1866524,
  "frontend/src/components/StageGraph.tsx": 1776001390.2658253,
  "frontend/src/components/BuildCard.tsx": 1776068362.2246854,
  "frontend/src/components/ui/badge.tsx": 1775818435.4620166,
  "frontend/src/components/ui/button.tsx": 1775818421.2047014,
  "frontend/src/components/ui/textarea.tsx": 1775818459.6504276,
  "frontend/src/components/ui/input.tsx": 1775818450.5264707,
  "frontend/src/hooks/useEventStream.ts": 1776000602.907919,
  "frontend/src/lib/utils.ts": 1775816407.763493,
  "copilot/__init__.py": 1775725849.5177839,
  "copilot/repo_committer.py": 1775744685.0192177,
  "copilot/jenkins_configurator.py": 1775744685.0189655,
  "copilot/pipeline_generator.py": 1775744685.0190492,
  "copilot/actions_generator.py": 1775744685.018865,
  "copilot/template_selector.py": 1775744685.0192971,
  "config/__init__.py": 1775725980.1209228,
  "config/settings.py": 1775815912.484418,
  "providers/__init__.py": 1775726072.1036634,
  "providers/factory.py": 1775745101.2742832,
  "providers/ollama_provider.py": 1775836424.4588163,
  "providers/groq_provider.py": 1775745101.2744756,
  "providers/anthropic_provider.py": 1775745101.2741559,
  "providers/gemini_provider.py": 1775745101.2743783,
  "providers/base.py": 1775836409.7933152,
  "tests/test_analyzer.py": 1775730450.5222359,
  "tests/test_event_bus.py": 1775815912.4851556,
  "tests/test_providers.py": 1775745101.274752,
  "tests/__init__.py": 1775725849.5232472,
  "tests/test_jenkins_crawler.py": 1775730450.522482,
  "tests/test_phase3_integration.py": 1775730794.2967167,
  "tests/test_ui_routes.py": 1775818152.9443603,
  "tests/test_phase1_integration.py": 1775815912.4853532,
  "tests/test_actions_crawler.py": 1775730450.5220823,
  "tests/test_phase4_copilot.py": 1775744685.0202396,
  "tests/test_context_builder.py": 1775730450.522334,
  "tests/test_setup_handler.py": 1775815912.4855072,
  "tests/test_slack_templates.py": 1775730450.522647,
  "agent/models.py": 1775730794.2961502,
  "agent/pipeline_fixes.py": 1775815912.4823453,
  "agent/__init__.py": 1775725849.5163655,
  "agent/audit_log.py": 1775730794.2959256,
  "agent/fix_executor.py": 1775730794.296054,
  "parser/log_cleaner.py": 1775729945.2742593,
  "parser/pipeline_parser.py": 1776001352.953522,
  "parser/models.py": 1776001340.0225217,
  "parser/__init__.py": 1775725849.511983,
  "parser/log_extractor.py": 1775729945.2743392,
  "verification/jenkins_crawler.py": 1775730450.5229845,
  "verification/models.py": 1775730450.5230777,
  "verification/__init__.py": 1775725849.5134628,
  "verification/actions_crawler.py": 1775730450.522833,
  "slack/copilot_message_templates.py": 1775744685.019552,
  "slack/approval_handler.py": 1775730794.2965896,
  "slack/message_templates.py": 1775730450.52176,
  "slack/notifier.py": 1775730450.5219133,
  "slack/__init__.py": 1775725849.519222,
  "slack/bot.py": 1775745101.2745686,
  "slack/copilot_handler.py": 1775744685.0194674,
  "analyzer/prompt_builder.py": 1775730450.5214646,
  "analyzer/context_builder.py": 1775730450.521221,
  "analyzer/cache.py": 1775730450.5210838,
  "analyzer/__init__.py": 1775725849.5148907,
  "analyzer/llm_client.py": 1776000571.4975097,
  "analyzer/response_parser.py": 1775730450.5215635,
  "simulation-test-output.txt": 1775815912.4849987,
  "requirements.txt": 1775800244.3524866,
  "CLAUDE.local.md": 1775723567.7258573,
  "BUILD_PLAN.md": 1775725836.1023686,
  "README.md": 1775800244.3523538,
  "CLAUDE.md": 1776679571.7832773,
  "ui/static/index.html": 1776068368.3745308,
  "context/work.md": 1775723915.4902813,
  "context/current-priorities.md": 1775723923.8359928,
  "context/me.md": 1775723898.869366,
  "context/team.md": 1775723916.5069132,
  "context/goals.md": 1775723931.1835747,
  "frontend/index.html": 1775818381.4537184,
  "projects/devops-ai-agent/README.md": 1775723944.3713372,
  "docs/simulation-runbook.md": 1775815912.4845393,
  "docs/articles/devto-draft.md": 1775745491.6585135,
  "docs/articles/linkedin-draft.md": 1775745481.8207855,
  "docs/setup/slack-setup.md": 1775729945.2741497,
  "docs/setup/ollama-setup.md": 1775726019.6726227,
  "docs/superpowers/plans/2026-04-10-web-ui.md": 1775815912.4847434,
  "docs/superpowers/specs/2026-04-10-web-ui-design.md": 1775815912.4849074,
  "decisions/log.md": 1775723625.0685828,
  "templates/session-summary.md": 1775723620.9958088,
  "app.slack.com_app-settings_T0ASMT9QMHN_A0AS6H3T4M7_socket-mode.png": 1775815912.4841132
}